congress,chamber,icpsr,state_icpsr,district_code,state_abbrev,party_code,occupancy,last_means,bioname,bioguide_id,born,died,nominate_dim1,nominate_dim2,nominate_log_likelihood,nominate_geo_mean_probability,nominate_number_of_votes,nominate_number_of_errors,conditional,nokken_poole_dim1,nokken_poole_dim2
116,President,99912,99,0.0,USA,200,0,0,"TRUMP, Donald John",,1946,,0.403,0.162,,,,,,,
116,House,20301,41,3.0,AL,200,,,"ROGERS, Mike Dennis",R000575,1958,,0.36,0.463,-167.28878,0.80312,763,69,,0.52,0.388
116,House,21102,41,7.0,AL,100,,,"SEWELL, Terri",S001185,1965,,-0.393,0.402,-28.45278,0.96458,789,11,,-0.43,0.384
116,House,21192,41,2.0,AL,200,,,"ROBY, Martha",R000591,1976,,0.362,0.658,-90.42097,0.88244,723,31,,0.346,0.672
116,House,21193,41,5.0,AL,200,,,"BROOKS, Mo",B001274,1954,,0.646,-0.404,-142.91074,0.83734,805,60,,0.772,-0.337
116,House,21376,41,1.0,AL,200,,,"BYRNE, Bradley",B001289,1955,,0.61,0.25,-107.81607,0.85611,694,42,,0.702,0.194
116,House,21500,41,6.0,AL,200,,,"PALMER, Gary James",P000609,1954,,0.682,0.091,-97.02251,0.88415,788,39,,0.669,0.085
116,House,29701,41,4.0,AL,200,,,"ADERHOLT, Robert",A000055,1965,,0.38,0.576,-117.63187,0.85608,757,42,,0.449,0.499
116,House,14066,81,1.0,AK,200,,,"YOUNG, Donald Edwin",Y000033,1933,,0.283,0.022,-225.61247,0.74545,768,84,,0.336,0.085
116,House,21995,93,0.0,AS,200,,,"RADEWAGEN, Aumua Amata Coleman",R000600,1947,,0.413,0.014,,,,,,,
116,House,20305,61,3.0,AZ,100,,,"GRIJALVA, Raúl M.",G000551,1948,,-0.598,-0.256,-23.1507,0.97038,770,9,,-0.594,-0.543
116,House,20902,61,2.0,AZ,100,,,"KIRKPATRICK, Ann",K000368,1950,,-0.169,-0.011,-46.04283,0.93755,714,18,,-0.369,0.401
116,House,21103,61,4.0,AZ,200,,,"GOSAR, Paul",G000565,1958,,0.697,-0.482,-108.20808,0.86631,754,35,,0.919,-0.395
116,House,21105,61,6.0,AZ,200,,,"SCHWEIKERT, David",S001183,1962,,0.577,-0.292,-199.41631,0.78153,809,91,,0.521,-0.312
116,House,21502,61,7.0,AZ,100,,,"GALLEGO, Ruben",G000574,1979,,-0.45,0.026,-21.06367,0.97395,798,11,,-0.431,0.046
116,House,21705,61,5.0,AZ,200,,,"BIGGS, Andrew S.",B001302,1958,,0.849,-0.528,-94.38058,0.88793,794,32,,1.0,-0.03
116,House,21739,61,1.0,AZ,100,,,"O'HALLERAN, Thomas C.",O000171,1946,,-0.197,0.179,-43.64708,0.94684,799,16,,-0.333,0.404
116,House,21757,61,8.0,AZ,200,,,"LESKO, Debbie",L000589,1958,,0.613,-0.099,-110.53409,0.86989,793,54,,0.591,0.019
116,House,21968,61,9.0,AZ,100,,,"STANTON, Greg",S001211,1970,,-0.287,0.103,-23.21242,0.97172,809,7,,-0.313,-0.042
116,House,21106,42,1.0,AR,200,,,"CRAWFORD, Rick",C001087,1966,,0.432,0.487,-84.15054,0.89333,746,34,,0.508,0.518
116,House,21108,42,3.0,AR,200,,,"WOMACK, Steve",W000809,1957,,0.356,0.574,-70.02437,0.91728,811,26,,0.382,0.599
116,House,21503,42,2.0,AR,200,,,"HILL, French",H001072,1956,,0.444,0.25,-92.83575,0.89108,805,35,,0.421,0.337
116,House,21563,42,4.0,AR,200,,,"WESTERMAN, Bruce Eugene",W000821,1967,,0.549,0.346,-76.81593,0.90801,796,31,,0.557,0.395
116,House,15448,71,12.0,CA,100,,,"PELOSI, Nancy",P000197,1940,,-0.49,-0.205,-1.14,0.98338,68,0,,-0.399,0.23
116,House,20104,71,28.0,CA,100,,,"SCHIFF, Adam",S001150,1960,,-0.35,-0.133,-14.93002,0.98171,809,4,,-0.427,-0.005
116,House,20108,71,53.0,CA,100,,,"DAVIS, Susan A.",D000598,1944,,-0.343,-0.103,-15.76482,0.98049,800,4,,-0.341,-0.007
116,House,20307,71,22.0,CA,200,,,"NUNES, Devin",N000181,1973,,0.45,0.223,-81.10016,0.90371,801,30,,0.462,0.366
116,House,20310,71,38.0,CA,100,,,"SÁNCHEZ, Linda T.",S001156,1969,,-0.507,-0.137,-13.19298,0.98338,787,5,,-0.523,-0.037
116,House,20501,71,16.0,CA,100,,,"COSTA, Jim",C001059,1952,,-0.193,0.456,-97.24319,0.88581,802,32,,-0.373,0.757
116,House,20538,71,6.0,CA,100,,,"MATSUI, Doris",M001163,1944,,-0.434,-0.157,-28.30523,0.96541,804,9,,-0.42,0.083
116,House,20702,71,9.0,CA,100,,,"McNERNEY, Jerry",M001166,1951,,-0.263,-0.159,-19.97314,0.97494,787,8,,-0.428,-0.167
116,House,20703,71,23.0,CA,200,,,"MCCARTHY, Kevin",M001165,1965,,0.454,0.234,-93.70451,0.88802,789,41,,0.424,0.371
116,House,20762,71,14.0,CA,100,,,"SPEIER, Karen Lorraine Jacqueline (Jackie)",S001175,1950,,-0.381,-0.411,-40.9665,0.94838,773,9,,-0.316,-0.227
116,House,20903,71,4.0,CA,200,,,"McCLINTOCK, Tom",M001177,1956,,0.694,-0.424,-166.96028,0.80971,791,87,,0.645,-0.386
116,House,20955,71,27.0,CA,100,,,"CHU, Judy",C001080,1953,,-0.488,-0.372,-16.16774,0.98021,809,6,,-0.437,-0.42
116,House,20958,71,3.0,CA,100,,,"GARAMENDI, John",G000559,1945,,-0.309,-0.098,-31.52786,0.96121,797,8,,-0.303,-0.032
116,House,20963,71,50.0,CA,200,,,"HUNTER, Duncan Duane",H001048,1976,,0.539,0.085,-124.54558,0.79736,550,57,,0.637,-0.1
116,House,21110,71,37.0,CA,100,,,"BASS, Karen",B001270,1953,,-0.584,-0.098,-16.7454,0.97843,768,8,,-0.572,-0.369
116,House,21302,71,1.0,CA,200,,,"LaMALFA, Doug",L000578,1960,,0.534,0.04,-122.63722,0.85554,786,51,,0.507,0.083
116,House,21303,71,2.0,CA,100,,,"HUFFMAN, Jared",H001068,1964,,-0.43,-0.542,-27.75893,0.96526,785,10,,-0.428,-0.684
116,House,21304,71,7.0,CA,100,,,"BERA, Ami",B001287,1965,,-0.235,0.014,-29.46962,0.96427,810,11,,-0.363,0.303
116,House,21305,71,8.0,CA,200,,,"COOK, Paul",C001094,1943,,0.372,0.208,-106.11394,0.87064,766,43,,0.323,0.37
116,House,21306,71,15.0,CA,100,,,"SWALWELL, Eric",S001193,1980,,-0.366,-0.093,-21.61955,0.96605,626,7,,-0.521,0.264
116,House,21308,71,26.0,CA,100,,,"BROWNLEY, Julia",B001285,1952,,-0.288,0.056,-30.28831,0.96276,798,12,,-0.369,0.216
116,House,21309,71,29.0,CA,100,,,"CÁRDENAS, Tony",C001097,1963,,-0.385,0.01,-29.77773,0.96216,772,14,,-0.45,0.043
116,House,21311,71,36.0,CA,100,,,"RUIZ, Raul",R000599,1972,,-0.246,0.059,-42.41971,0.94904,811,18,,-0.392,0.219
116,House,21312,71,41.0,CA,100,,,"TAKANO, Mark",T000472,1960,,-0.463,-0.272,-18.71503,0.97676,796,7,,-0.408,-0.353
116,House,21313,71,47.0,CA,100,,,"LOWENTHAL, Alan",L000579,1941,,-0.449,-0.384,-16.32158,0.98003,809,4,,-0.482,-0.52
116,House,21314,71,51.0,CA,100,,,"VARGAS, Juan",V000130,1961,,-0.402,0.079,-32.78271,0.95945,792,12,,-0.554,-0.187
116,House,21315,71,52.0,CA,100,,,"PETERS, Scott",P000608,1958,,-0.183,-0.028,-60.81068,0.926,791,23,,-0.227,0.179
116,House,21504,71,11.0,CA,100,,,"DESAULNIER, Mark James",D000623,1952,,-0.53,-0.373,-16.06451,0.98017,802,7,,-0.453,-0.608
116,House,21506,71,31.0,CA,100,,,"AGUILAR, Peter Rey",A000371,1979,,-0.296,0.139,-48.92193,0.94097,804,19,,-0.443,0.395
116,House,21507,71,33.0,CA,100,,,"LIEU, Ted",L000582,1969,,-0.375,-0.249,-25.36255,0.96776,774,8,,-0.592,-0.169
116,House,21508,71,35.0,CA,100,,,"TORRES, Norma Judith",T000474,1965,,-0.366,0.051,-32.8648,0.95975,800,12,,-0.395,0.075
116,House,21703,71,44.0,CA,100,,,"BARRAGÁN, Nanette Diaz",B001300,1976,,-0.515,-0.023,-22.032,0.97277,798,12,,-0.492,-0.486
116,House,21709,71,24.0,CA,100,,,"CARBAJAL, Salud",C001112,1964,,-0.298,0.109,-17.88635,0.97819,811,4,,-0.357,0.077
116,House,21711,71,46.0,CA,100,,,"CORREA, Jose Luis",C001110,1958,,-0.287,0.276,-59.80947,0.92779,798,26,,-0.341,0.169
116,House,21728,71,17.0,CA,100,,,"KHANNA, Rohit",K000389,1976,,-0.543,-0.281,-42.81116,0.94846,809,14,,-0.323,-0.665
116,House,21740,71,20.0,CA,100,,,"PANETTA, James Varni",P000613,1969,,-0.299,0.083,-36.37317,0.95614,811,15,,-0.306,0.238
116,House,21754,71,34.0,CA,100,,,"GOMEZ, Jimmy",G000585,1974,,-0.572,-0.202,-29.26777,0.96425,804,11,,-0.416,-0.569
116,House,21907,71,39.0,CA,100,,,"CISNEROS, Gil",C001123,1971,,-0.376,0.575,-48.30079,0.94197,808,16,,-0.377,0.577
116,House,21909,71,21.0,CA,100,,,"COX, TJ",C001124,1963,,-0.343,0.478,-48.50115,0.94117,800,14,,-0.344,0.479
116,House,21930,71,10.0,CA,100,,,"HARDER, Josh",H001090,1986,,-0.385,0.688,-63.17878,0.92443,804,17,,-0.386,0.763
116,House,21932,71,25.0,CA,100,,,"HILL, Katie",H001087,1987,,-0.306,0.114,-20.26703,0.96104,510,8,,-0.305,0.113
116,House,21939,71,49.0,CA,100,,,"LEVIN, Mike",L000593,1978,,-0.376,0.211,-20.97116,0.97447,811,7,,-0.353,0.124
116,House,21954,71,45.0,CA,100,,,"PORTER, Katie",P000618,1974,,-0.19,-0.182,-106.74719,0.87479,798,40,,-0.179,0.016
116,House,21960,71,48.0,CA,100,,,"ROUDA, Harley",R000616,1961,,-0.336,0.559,-42.41024,0.94792,793,11,,-0.336,0.56
116,House,21988,71,25.0,CA,200,,,"GARCIA, Mike",G000061,1976,,0.369,0.081,-14.74487,0.88527,121,6,,0.386,0.447
116,House,29106,71,43.0,CA,100,,,"WATERS, Maxine",W000187,1938,,-0.656,-0.076,-55.13661,0.93364,803,18,,-0.589,0.367
116,House,29312,71,18.0,CA,100,,,"ESHOO, Anna Georges",E000215,1942,,-0.381,-0.414,-13.59055,0.98292,789,6,,-0.395,-0.213
116,House,29317,71,40.0,CA,100,,,"ROYBAL-ALLARD, Lucille",R000486,1941,,-0.469,-0.171,-15.44613,0.98076,795,5,,-0.399,-0.107
116,House,29323,71,42.0,CA,200,,,"CALVERT, Ken",C000059,1953,,0.349,0.228,-81.7446,0.90193,792,26,,0.321,0.524
116,House,29504,71,19.0,CA,100,,,"LOFGREN, Zoe",L000397,1947,,-0.401,-0.432,-32.73635,0.95936,789,11,,-0.461,-0.466
116,House,29707,71,30.0,CA,100,,,"SHERMAN, Brad",S000344,1954,,-0.343,-0.142,-20.98836,0.97398,796,11,,-0.454,0.067
116,House,29778,71,13.0,CA,100,,,"LEE, Barbara",L000551,1946,,-0.681,-0.585,-25.71101,0.96845,802,11,,-0.545,-0.828
116,House,29901,71,5.0,CA,100,,,"THOMPSON, Michael",T000460,1951,,-0.395,0.064,-37.31992,0.95409,794,18,,-0.441,0.414
116,House,29903,71,32.0,CA,100,,,"NAPOLITANO, Grace Flores",N000179,1936,,-0.448,-0.247,-18.33921,0.97742,803,9,,-0.479,-0.253
116,House,20704,62,5.0,CO,200,,,"LAMBORN, Doug",L000564,1954,,0.67,0.216,-73.60012,0.91061,786,31,,0.636,0.236
116,House,20705,62,7.0,CO,100,,,"PERLMUTTER, Ed",P000593,1953,,-0.282,0.072,-29.081,0.96294,770,10,,-0.301,-0.033
116,House,21111,62,3.0,CO,200,,,"TIPTON, Scott",T000470,1956,,0.451,-0.023,-127.84774,0.85366,808,51,,0.445,-0.0
116,House,21510,62,4.0,CO,200,,,"BUCK, Kenneth Robert",B001297,1959,,0.714,-0.425,-113.06266,0.85298,711,48,,0.73,-0.418
116,House,21912,62,6.0,CO,100,,,"CROW, Jason",C001121,1979,,-0.278,0.326,-47.72367,0.94278,810,23,,-0.273,0.408
116,House,21948,62,2.0,CO,100,,,"NEGUSE, Joseph",N000191,1984,,-0.375,-0.355,-18.25521,0.97769,809,7,,-0.466,-0.463
116,House,29710,62,1.0,CO,100,,,"DeGETTE, Diana",D000197,1957,,-0.431,-0.308,-18.22386,0.97751,801,8,,-0.4,-0.356
116,House,20706,1,2.0,CT,100,,,"COURTNEY, Joe",C001069,1953,,-0.343,0.018,-21.70766,0.97356,810,5,,-0.36,0.014
116,House,20907,1,4.0,CT,100,,,"HIMES, James A.",H001047,1966,,-0.241,-0.234,-42.11491,0.94866,799,16,,-0.32,0.131
116,House,21931,1,5.0,CT,100,,,"HAYES, Jahana",H001081,1973,,-0.368,-0.104,-21.10487,0.97324,778,6,,-0.372,-0.031
116,House,29109,1,3.0,CT,100,,,"DeLAURO, Rosa L.",D000216,1943,,-0.415,-0.118,-19.57767,0.9754,786,7,,-0.378,-0.042
116,House,29908,1,1.0,CT,100,,,"LARSON, John B.",L000557,1948,,-0.397,-0.048,-17.5263,0.97833,800,6,,-0.347,0.01
116,House,21706,11,1.0,DE,100,,,"BLUNT ROCHESTER, Lisa",B001303,1962,,-0.335,-0.135,-15.51502,0.98098,808,2,,-0.399,-0.103
116,House,21993,55,0.0,DC,100,,,"NORTON, Eleanor Holmes",N000147,1937,,-0.498,-0.047,-0.22767,0.97952,11,0,,-0.412,-0.875
116,House,20316,43,25.0,FL,200,,,"DIAZ-BALART, Mario",D000600,1961,,0.282,0.129,-134.37633,0.84449,795,50,,0.288,0.2
116,House,20504,43,23.0,FL,100,,,"WASSERMAN SCHULTZ, Debbie",W000797,1966,,-0.42,0.08,-26.70303,0.96676,790,7,,-0.356,0.108
116,House,20708,43,14.0,FL,100,,,"CASTOR, Kathy",C001066,1966,,-0.439,0.054,-16.73993,0.9795,808,5,,-0.417,-0.065
116,House,20709,43,16.0,FL,200,,,"BUCHANAN, Vernon G.",B001260,1951,,0.362,-0.113,-143.41963,0.83204,780,60,,0.342,0.003
116,House,20758,43,12.0,FL,200,,,"BILIRAKIS, Gus",B001257,1963,,0.406,0.025,-125.92757,0.85126,782,58,,0.406,0.003
116,House,20909,43,8.0,FL,200,,,"POSEY, Bill",P000599,1947,,0.526,-0.334,-182.95399,0.79443,795,86,,0.538,-0.344
116,House,20959,43,22.0,FL,100,,,"DEUTCH, Theodore E. (Ted)",D000610,1966,,-0.401,-0.078,-19.78746,0.97511,785,5,,-0.394,0.062
116,House,21116,43,11.0,FL,200,,,"WEBSTER, Daniel A.",W000806,1949,,0.521,-0.079,-159.88224,0.80983,758,85,,0.56,-0.155
116,House,21118,43,24.0,FL,100,,,"WILSON, Frederica",W000808,1942,,-0.479,-0.011,-12.47975,0.98314,734,4,,-0.538,0.027
116,House,21317,43,3.0,FL,200,,,"YOHO, Ted",Y000065,1955,,0.704,-0.365,-131.16793,0.83387,722,57,,0.715,-0.336
116,House,21321,43,21.0,FL,100,,,"FRANKEL, Lois",F000462,1948,,-0.401,-0.071,-22.7701,0.97094,772,9,,-0.345,-0.022
116,House,21712,43,13.0,FL,100,,,"CRIST, Charlie Joseph Jr.",C001111,1956,,-0.227,0.079,-33.59071,0.95933,809,15,,-0.29,0.282
116,House,21713,43,10.0,FL,100,,,"DEMINGS, Valdez Butler",D000627,1957,,-0.322,-0.007,-20.75167,0.97461,807,6,,-0.314,0.09
116,House,21714,43,2.0,FL,200,,,"DUNN, Neal Patrick",D000628,1953,,0.507,0.336,-124.18731,0.84796,753,55,,0.547,0.173
116,House,21719,43,1.0,FL,200,,,"GAETZ, Matthew L. II",G000578,1982,,0.611,-0.64,-202.75075,0.75219,712,98,,0.593,-0.64
116,House,21732,43,5.0,FL,100,,,"LAWSON, Alfred Jr.",L000586,1948,,-0.26,0.075,-35.0295,0.95647,787,15,,-0.262,0.073
116,House,21735,43,18.0,FL,200,,,"MAST, Brian Jeffery",M001199,1980,,0.468,-0.404,-210.80077,0.76212,776,94,,0.455,-0.369
116,House,21738,43,7.0,FL,100,,,"MURPHY, Stephanie",M001202,1978,,-0.161,0.121,-85.76146,0.8993,808,32,,-0.177,0.246
116,House,21742,43,19.0,FL,200,,,"ROONEY, Francis",R000607,1953,,0.501,-0.494,-268.86408,0.60612,537,133,,0.486,-0.634
116,House,21744,43,4.0,FL,200,,,"RUTHERFORD, John Henry",R000609,1952,,0.428,0.053,-165.04912,0.80951,781,75,,0.416,0.033
116,House,21746,43,9.0,FL,100,,,"SOTO, Darren Michael",S001200,1978,,-0.374,0.156,-19.36536,0.97608,800,6,,-0.363,0.008
116,House,21947,43,26.0,FL,100,,,"MUCARSEL-POWELL, Debbie",M001207,1971,,-0.345,0.332,-34.25115,0.9584,806,20,,-0.345,0.333
116,House,21963,43,27.0,FL,100,,,"SHALALA, Donna",S001206,1941,,-0.352,0.021,-17.13918,0.97901,808,6,,-0.351,0.018
116,House,21967,43,15.0,FL,200,,,"SPANO, Ross",S001210,1966,,0.462,0.009,-113.84357,0.86564,789,39,,0.462,0.003
116,House,21971,43,17.0,FL,200,,,"STEUBE, William",S001214,1978,,0.678,-0.282,-129.25709,0.84783,783,59,,0.66,-0.34
116,House,21981,43,6.0,FL,200,,,"WALTZ, Michael",W000823,1974,,0.411,-0.046,-150.30314,0.8212,763,73,,0.411,-0.147
116,House,29337,43,20.0,FL,100,,,"HASTINGS, Alcee Lamar",H000324,1936,2021.0,-0.564,0.157,-14.78068,0.97652,622,4,,-0.54,0.212
116,House,15431,44,5.0,GA,100,,,"LEWIS, John R.",L000287,1940,2020.0,-0.589,-0.221,-11.00536,0.98252,624,5,,-0.449,-0.132
116,House,20321,44,13.0,GA,100,,,"SCOTT, David",S001157,1945,,-0.302,0.165,-23.53967,0.97111,803,5,,-0.361,0.123
116,House,20712,44,4.0,GA,100,,,"JOHNSON, Hank",J000288,1954,,-0.468,-0.002,-36.28441,0.95582,803,10,,-0.461,-0.075
116,House,20962,44,14.0,GA,200,,,"GRAVES, Tom",G000560,1970,,0.716,-0.002,-113.96483,0.85361,720,41,,0.664,0.143
116,House,21122,44,7.0,GA,200,,,"WOODALL, Rob",W000810,1970,,0.593,-0.173,-143.25698,0.83623,801,64,,0.501,0.112
116,House,21123,44,8.0,GA,200,,,"SCOTT, Austin",S001189,1969,,0.56,0.23,-94.9516,0.88648,788,36,,0.56,0.353
116,House,21323,44,9.0,GA,200,,,"COLLINS, Doug",C001093,1966,,0.61,0.134,-81.58804,0.89601,743,31,,0.595,0.303
116,House,21513,44,1.0,GA,200,,,"CARTER, Buddy",C001103,1957,,0.565,0.299,-98.67115,0.88369,798,37,,0.596,0.179
116,House,21514,44,10.0,GA,200,,,"HICE, Jody Brownlow",H001071,1960,,0.791,-0.235,-82.14011,0.89794,763,32,,0.856,-0.087
116,House,21515,44,11.0,GA,200,,,"LOUDERMILK, Barry D.",L000583,1963,,0.685,-0.003,-80.65,0.89103,699,30,,0.715,0.133
116,House,21516,44,12.0,GA,200,,,"ALLEN, Rick W.",A000372,1951,,0.699,0.21,-90.50689,0.89328,802,39,,0.756,0.355
116,House,21717,44,3.0,GA,200,,,"FERGUSON, Anderson Drew IV",F000465,1966,,0.596,0.141,-119.86016,0.85988,794,52,,0.655,0.165
116,House,21944,44,6.0,GA,100,,,"McBATH, Lucy",M001208,1960,,-0.264,0.303,-56.28516,0.93279,809,20,,-0.249,0.354
116,House,21991,44,5.0,GA,100,,,"HALL, Kwanza",H001092,1971,,,,,,,,,-0.392,0.628
116,House,29339,44,2.0,GA,100,,,"BISHOP, Sanford Dixon, Jr.",B000490,1947,,-0.283,0.46,-58.04108,0.92951,794,29,,-0.338,0.281
116,House,21997,94,0.0,GU,100,,,"SAN NICOLAS, Michael",S001204,1981,,-0.41,-0.52,-0.09023,0.99183,11,0,,-0.412,-0.875
116,House,20322,82,1.0,HI,100,,,"CASE, Ed",C001055,1952,,-0.196,-0.097,-51.63981,0.93801,807,17,,-0.195,0.01
116,House,21324,82,2.0,HI,100,,,"GABBARD, Tulsi",G000571,1981,,-0.274,-0.282,-39.27084,0.92793,525,14,,-0.258,-0.641
116,House,21920,63,1.0,ID,200,,,"FULCHER, Russell",F000469,1962,,0.642,0.003,-97.67931,0.8852,801,39,,0.628,0.036
116,House,29910,63,2.0,ID,200,,,"SIMPSON, Michael K.",S001148,1950,,0.299,0.29,-179.06417,0.79299,772,68,,0.332,0.282
116,House,20508,21,3.0,IL,100,,,"LIPINSKI, Daniel",L000563,1966,,-0.227,0.176,-109.5829,0.87002,787,33,,-0.146,0.05
116,House,20749,21,11.0,IL,100,,,"FOSTER, Bill",F000454,1955,,-0.23,-0.223,-26.408,0.96745,798,5,,-0.414,0.107
116,House,20954,21,5.0,IL,100,,,"QUIGLEY, Mike",Q000023,1958,,-0.322,-0.266,-19.46221,0.97582,795,6,,-0.387,-0.087
116,House,21128,21,16.0,IL,200,,,"KINZINGER, Adam",K000378,1978,,0.236,0.378,-145.39479,0.82525,757,59,,0.297,0.211
116,House,21326,21,10.0,IL,100,,,"SCHNEIDER, Brad",S001190,1961,,-0.181,-0.154,-35.32481,0.95712,806,8,,-0.295,0.024
116,House,21328,21,13.0,IL,200,,,"DAVIS, Rodney",D000619,1970,,0.28,0.165,-127.96554,0.85028,789,47,,0.234,0.341
116,House,21329,21,17.0,IL,100,,,"BUSTOS, Cheri",B001286,1961,,-0.239,0.053,-27.88428,0.96616,810,8,,-0.299,0.196
116,House,21371,21,2.0,IL,100,,,"KELLY, Robin L.",K000385,1956,,-0.462,-0.013,-23.27431,0.97161,808,10,,-0.445,0.029
116,House,21519,21,12.0,IL,200,,,"BOST, Mike",B001295,1960,,0.292,0.399,-88.58319,0.88528,727,40,,0.292,0.453
116,House,21562,21,18.0,IL,200,,,"LaHOOD, Darin",L000585,1968,,0.463,0.198,-92.59953,0.88752,776,35,,0.473,0.284
116,House,21730,21,8.0,IL,100,,,"KRISHNAMOORTHI, S. Raja",K000391,1973,,-0.317,-0.049,-32.14753,0.96099,808,13,,-0.359,0.152
116,House,21906,21,6.0,IL,100,,,"CASTEN, Sean",C001117,1971,,-0.657,0.595,-39.74857,0.95211,810,10,,-0.402,0.253
116,House,21921,21,4.0,IL,100,,,"GARCÍA, Jesús",G000586,1956,,-0.448,-0.83,-27.39657,0.96658,806,11,,-0.459,-0.784
116,House,21979,21,14.0,IL,100,,,"UNDERWOOD, Lauren",U000040,1986,,-0.523,0.558,-45.78298,0.94471,805,14,,-0.552,0.641
116,House,29346,21,1.0,IL,100,,,"RUSH, Bobby L.",R000515,1946,,-0.479,-0.204,-23.64224,0.97003,777,6,,-0.48,-0.16
116,House,29717,21,7.0,IL,100,,,"DAVIS, Danny K.",D000096,1941,,-0.486,-0.265,-15.7658,0.98024,790,3,,-0.483,-0.316
116,House,29718,21,15.0,IL,200,,,"SHIMKUS, John M.",S000364,1958,,0.375,0.154,-98.57355,0.87925,766,45,,0.395,0.308
116,House,29911,21,9.0,IL,100,,,"SCHAKOWSKY, Janice D.",S001145,1944,,-0.604,-0.27,-16.63524,0.97945,801,6,,-0.517,-0.479
116,House,15124,22,1.0,IN,100,,,"VISCLOSKY, Peter",V000108,1949,,-0.402,0.244,-25.35942,0.96899,805,5,,-0.453,0.212
116,House,20757,22,7.0,IN,100,,,"CARSON, André",C001072,1974,,-0.429,0.056,-40.25105,0.95129,806,12,,-0.548,0.289
116,House,21132,22,8.0,IN,200,,,"BUCSHON, Larry",B001275,1962,,0.41,0.264,-94.96575,0.88551,781,39,,0.452,0.298
116,House,21330,22,2.0,IN,200,,,"WALORSKI, Jackie",W000813,1963,2022.0,0.436,0.315,-86.07111,0.8959,783,38,,0.39,0.371
116,House,21331,22,5.0,IN,200,,,"BROOKS, Susan",B001284,1960,,0.352,0.217,-134.01795,0.8412,775,65,,0.326,0.176
116,House,21702,22,3.0,IN,200,,,"BANKS, James E.",B001299,1979,,0.647,0.006,-112.21919,0.87003,806,56,,0.634,0.029
116,House,21725,22,9.0,IN,200,,,"HOLLINGSWORTH, Joseph Albert III",H001074,1983,,0.418,-0.246,-203.63671,0.77227,788,98,,0.403,-0.309
116,House,21903,22,4.0,IN,200,,,"BAIRD, James",B001307,1945,,0.463,0.419,-83.41105,0.90192,808,37,,0.427,0.668
116,House,21952,22,6.0,IN,200,,,"PENCE, Gregory",P000615,1956,,0.533,0.036,-113.66399,0.86693,796,50,,0.457,0.357
116,House,20325,31,4.0,IA,200,,,"KING, Steve",K000362,1949,,0.613,0.171,-190.61697,0.77372,743,87,,0.583,-0.184
116,House,20720,31,2.0,IA,100,,,"LOEBSACK, Dave",L000565,1952,,-0.276,-0.027,-28.98965,0.96415,794,8,,-0.3,0.214
116,House,21902,31,3.0,IA,100,,,"AXNE, Cynthia",A000378,1965,,-0.249,0.528,-80.01665,0.90459,798,37,,-0.239,0.568
116,House,21918,31,1.0,IA,100,,,"FINKENAUER, Abby",F000467,1988,,-0.224,0.501,-79.52809,0.90626,808,41,,-0.224,0.501
116,House,21734,32,1.0,KS,200,,,"MARSHALL, Roger Wayne",M001198,1960,,0.573,0.22,-121.92715,0.85408,773,56,,0.546,0.091
116,House,21750,32,4.0,KS,200,,,"ESTES, Ron",E000298,1956,,0.64,0.035,-99.68694,0.88257,798,45,,0.622,0.087
116,House,21914,32,3.0,KS,100,,,"DAVIDS, Sharice",D000629,1980,,-0.26,0.262,-57.90991,0.93075,807,22,,-0.25,0.206
116,House,21982,32,2.0,KS,200,,,"WATKINS, Steve",W000824,1976,,0.549,0.079,-114.0218,0.86747,802,52,,0.549,0.079
116,House,14854,51,5.0,KY,200,,,"ROGERS, Harold Dallas (Hal)",R000395,1937,,0.338,0.12,-89.95226,0.89352,799,27,,0.336,0.593
116,House,20723,51,3.0,KY,100,,,"YARMUTH, John",Y000062,1947,,-0.378,-0.274,-20.37809,0.97488,801,6,,-0.444,-0.161
116,House,20916,51,2.0,KY,200,,,"GUTHRIE, Brett",G000558,1964,,0.421,0.283,-72.73109,0.9133,802,28,,0.442,0.455
116,House,21333,51,6.0,KY,200,,,"BARR, Garland H. (Andy) IV",B001282,1973,,0.476,0.321,-103.34626,0.87781,793,44,,0.497,0.293
116,House,21565,51,1.0,KY,200,,,"COMER, James",C001108,1972,,0.593,-0.016,-131.37381,0.84925,804,68,,0.638,0.028
116,House,31102,51,4.0,KY,200,,,"MASSIE, Thomas",M001184,1971,,0.678,-0.735,-237.36629,0.73934,786,102,,0.919,-0.395
116,House,20759,45,1.0,LA,200,,,"SCALISE, Steve",S001176,1965,,0.554,0.18,-84.10745,0.90032,801,36,,0.577,0.298
116,House,21137,45,2.0,LA,100,,,"RICHMOND, Cedric",R000588,1973,,-0.486,0.332,-40.67477,0.94742,753,15,,-0.657,0.462
116,House,21522,45,5.0,LA,200,,,"ABRAHAM, Ralph",A000374,1954,,0.541,0.257,-62.96669,0.87964,491,29,,0.607,0.154
116,House,21523,45,6.0,LA,200,,,"GRAVES, Garret",G000577,1972,,0.444,0.009,-128.55287,0.84965,789,58,,0.42,-0.016
116,House,21724,45,3.0,LA,200,,,"HIGGINS, Clay",H001077,1961,,0.617,-0.31,-140.06948,0.82519,729,68,,0.587,-0.217
116,House,21727,45,4.0,LA,200,,,"JOHNSON, Mike",J000299,1972,,0.561,0.003,-113.46447,0.85855,744,44,,0.546,0.032
116,House,20920,2,1.0,ME,100,,,"PINGREE, Chellie",P000597,1955,,-0.42,-0.376,-17.77684,0.97802,800,8,,-0.427,-0.328
116,House,21923,2,2.0,ME,100,,,"GOLDEN, Jared",G000592,1982,,-0.114,0.353,-175.31028,0.8056,811,65,,-0.123,0.367
116,House,14873,52,5.0,MD,100,,,"HOYER, Steny Hamilton",H000874,1939,,-0.38,0.119,-16.47709,0.97954,797,3,,-0.383,0.155
116,House,15433,52,7.0,MD,100,,,"MFUME, Kweisi",M000687,1948,,-0.447,-0.408,-1.65957,0.9866,123,0,,-0.588,-0.04
116,House,20329,52,2.0,MD,100,,,"RUPPERSBERGER, C. A. (Dutch)",R000576,1946,,-0.295,0.131,-24.20586,0.97016,799,6,,-0.294,0.017
116,House,20724,52,3.0,MD,100,,,"SARBANES, John",S001168,1962,,-0.467,-0.073,-16.36451,0.97995,808,6,,-0.416,-0.084
116,House,21139,52,1.0,MD,200,,,"HARRIS, Andy",H001052,1957,,0.671,-0.395,-145.4699,0.83221,792,58,,0.749,-0.398
116,House,21707,52,4.0,MD,100,,,"BROWN, Anthony Gregory",B001304,1961,,-0.344,-0.064,-35.44449,0.95671,801,13,,-0.307,-0.065
116,House,21741,52,8.0,MD,100,,,"RASKIN, Jamie Ben",R000606,1962,,-0.535,-0.268,-17.86583,0.9781,807,7,,-0.486,-0.544
116,House,21978,52,6.0,MD,100,,,"TRONE, David",T000483,1955,,-0.279,0.137,-31.16141,0.96151,794,6,,-0.268,-0.038
116,House,29587,52,7.0,MD,100,,,"CUMMINGS, Elijah Eugene",C000984,1951,2019.0,-0.438,-0.148,-14.38346,0.96718,431,7,,-0.385,-0.096
116,House,15616,3,1.0,MA,100,,,"NEAL, Richard Edmund",N000015,1949,,-0.417,-0.105,-11.38382,0.98584,798,3,,-0.432,-0.087
116,House,20119,3,8.0,MA,100,,,"LYNCH, Stephen F.",L000562,1955,,-0.349,0.04,-32.89761,0.95991,804,10,,-0.302,-0.029
116,House,21140,3,9.0,MA,100,,,"KEATING, William R.",K000375,1952,,-0.33,-0.117,-30.39804,0.96258,797,10,,-0.367,0.01
116,House,21335,3,4.0,MA,100,,,"KENNEDY, Joseph P. III",K000379,1980,,-0.421,-0.206,-25.62281,0.96844,799,11,,-0.444,-0.619
116,House,21375,3,5.0,MA,100,,,"CLARK, Katherine M.",C001101,1963,,-0.483,-0.363,-16.01949,0.98022,802,5,,-0.425,-0.265
116,House,21525,3,6.0,MA,100,,,"MOULTON, Seth",M001196,1978,,-0.282,-0.057,-70.45989,0.90714,723,27,,-0.231,0.185
116,House,21955,3,7.0,MA,100,,,"PRESSLEY, Ayanna",P000617,1974,,-0.328,-0.945,-43.61756,0.947,801,24,,-0.29,-0.957
116,House,21977,3,3.0,MA,100,,,"TRAHAN, Lori",T000482,1973,,-0.466,-0.108,-19.50543,0.97624,811,6,,-0.472,-0.175
116,House,29729,3,2.0,MA,100,,,"McGOVERN, James P.",M000312,1959,,-0.539,-0.313,-19.07595,0.97664,807,9,,-0.462,-0.624
116,House,15446,23,6.0,MI,200,,,"UPTON, Frederick Stephen",U000031,1953,,0.323,-0.36,-193.43867,0.78663,806,92,,0.24,-0.044
116,House,20725,23,7.0,MI,200,,,"WALBERG, Tim",W000798,1951,,0.511,0.098,-100.49009,0.88196,800,38,,0.464,0.242
116,House,21142,23,2.0,MI,200,,,"HUIZENGA, Bill",H001058,1969,,0.563,-0.039,-148.50719,0.82863,790,58,,0.493,-0.034
116,House,21143,23,3.0,MI,200,,,"AMASH, Justin",A000367,1980,,0.654,-0.757,-172.05329,0.62734,369,65,,0.919,-0.395
116,House,21372,23,5.0,MI,100,,,"KILDEE, Dan",K000380,1958,,-0.389,-0.216,-17.70458,0.97841,811,7,,-0.489,-0.305
116,House,21526,23,4.0,MI,200,,,"MOOLENAAR, John",M001194,1961,,0.432,0.276,-77.99663,0.90809,809,31,,0.399,0.37
116,House,21529,23,12.0,MI,100,,,"DINGELL, Debbie",D000624,1953,,-0.406,-0.146,-21.36838,0.97335,791,9,,-0.396,-0.399
116,House,21530,23,14.0,MI,100,,,"LAWRENCE, Brenda L",L000581,1954,,-0.448,-0.04,-13.23574,0.98322,782,4,,-0.467,0.032
116,House,21704,23,1.0,MI,200,,,"BERGMAN, John",B001301,1947,,0.428,0.098,-131.61223,0.84725,794,60,,0.43,0.095
116,House,21737,23,10.0,MI,200,,,"MITCHELL, Paul",M001201,1961,,0.422,0.311,-106.11067,0.86741,746,43,,0.421,0.286
116,House,21940,23,9.0,MI,100,,,"LEVIN, Andy",L000592,1960,,-0.476,-0.543,-16.78278,0.97947,809,6,,-0.534,-0.549
116,House,21965,23,8.0,MI,100,,,"SLOTKIN, Elissa",S001208,1976,,-0.32,0.851,-101.7489,0.88195,810,39,,-0.3,0.776
116,House,21972,23,11.0,MI,100,,,"STEVENS, Haley",S001215,1983,,-0.346,0.318,-40.59767,0.95111,810,18,,-0.337,0.364
116,House,21975,23,13.0,MI,100,,,"TLAIB, Rashida",T000481,1976,,-0.262,-0.965,-47.9024,0.94223,805,22,,-0.255,-0.967
116,House,91143,23,3.0,MI,328,,,"AMASH, Justin",A000367,1980,,0.359,-0.933,-284.06688,0.51732,431,157,,0.358,-0.934
116,House,91737,23,10.0,MI,328,,,"MITCHELL, Paul",M001201,1961,,,,,,,,,-0.067,0.998
116,House,20122,33,4.0,MN,100,,,"McCOLLUM, Betty",M001143,1954,,-0.417,-0.185,-25.99088,0.96842,810,7,,-0.458,-0.078
116,House,21531,33,6.0,MN,200,,,"EMMER, Thomas Earl II",E000294,1961,,0.45,-0.042,-142.81459,0.82275,732,57,,0.489,-0.021
116,House,21910,33,2.0,MN,100,,,"CRAIG, Angela",C001119,1972,,-0.296,0.683,-76.96167,0.90947,811,24,,-0.311,0.708
116,House,21929,33,1.0,MN,200,,,"HAGEDORN, Jim",H001088,1962,2022.0,0.477,0.345,-78.28015,0.9069,801,35,,0.459,0.377
116,House,21950,33,5.0,MN,100,,,"OMAR, Ilhan",O000173,1982,,-0.284,-0.959,-55.354,0.93132,778,26,,-0.278,-0.961
116,House,21953,33,3.0,MN,100,,,"PHILLIPS, Dean",P000616,1969,,-0.274,0.174,-50.38133,0.93977,811,13,,-0.235,0.073
116,House,21969,33,8.0,MN,200,,,"STAUBER, Peter",S001212,1966,,0.333,0.026,-144.75359,0.83486,802,64,,0.288,0.163
116,House,29127,33,7.0,MN,100,,,"PETERSON, Collin Clark",P000258,1944,,-0.148,0.712,-222.35446,0.75575,794,110,,-0.156,0.752
116,House,21148,46,4.0,MS,200,,,"PALAZZO, Steven",P000601,1970,,0.533,0.458,-92.27586,0.88581,761,45,,0.601,0.459
116,House,21561,46,1.0,MS,200,,,"KELLY, Trent",K000388,1966,,0.632,0.293,-84.78476,0.89884,795,36,,0.676,0.239
116,House,21927,46,3.0,MS,200,,,"GUEST, Michael",G000591,1970,,0.527,0.131,-98.31971,0.88381,796,42,,0.486,0.232
116,House,29368,46,2.0,MS,100,,,"THOMPSON, Bennie",T000193,1948,,-0.516,0.397,-24.46054,0.9694,787,10,,-0.553,0.224
116,House,20124,34,6.0,MO,200,,,"GRAVES, Samuel",G000546,1963,,0.443,0.194,-117.85862,0.86141,790,51,,0.518,0.4
116,House,20147,34,1.0,MO,100,,,"CLAY, William Lacy, Jr.",C001049,1956,,-0.481,-0.078,-19.15163,0.97562,776,8,,-0.586,0.04
116,House,20517,34,5.0,MO,100,,,"CLEAVER, Emanuel, II",C001061,1944,,-0.453,0.017,-36.05261,0.95455,775,13,,-0.453,0.003
116,House,20926,34,3.0,MO,200,,,"LUETKEMEYER, Blaine",L000569,1952,,0.444,0.26,-102.86105,0.87949,801,48,,0.391,0.459
116,House,21149,34,4.0,MO,200,,,"HARTZLER, Vicky",H001053,1960,,0.471,0.251,-119.18186,0.86062,794,42,,0.398,0.303
116,House,21150,34,7.0,MO,200,,,"LONG, Billy",L000576,1955,,0.548,0.227,-125.31294,0.85484,799,51,,0.552,0.02
116,House,21337,34,2.0,MO,200,,,"WAGNER, Ann",W000812,1962,,0.424,0.164,-135.02115,0.84216,786,58,,0.391,0.132
116,House,21373,34,8.0,MO,200,,,"SMITH, Jason",S001195,1980,,0.589,0.219,-99.53121,0.88437,810,48,,0.582,0.107
116,House,21751,64,1.0,MT,200,,,"GIANFORTE, Greg",G000584,1961,,0.431,0.085,-99.53171,0.87089,720,40,,0.435,0.095
116,House,20518,35,1.0,NE,200,,,"FORTENBERRY, Jeff",F000449,1960,,0.304,-0.061,-163.1146,0.81323,789,72,,0.306,-0.034
116,House,20729,35,3.0,NE,200,,,"SMITH, Adrian",S001172,1970,,0.516,0.213,-104.50964,0.87839,806,45,,0.562,0.236
116,House,21701,35,2.0,NE,200,,,"BACON, Donald J.",B001298,1963,,0.357,-0.046,-187.28198,0.79243,805,90,,0.382,-0.102
116,House,20927,65,1.0,NV,100,,,"TITUS, Alice (Dina)",T000468,1950,,-0.304,-0.215,-20.53252,0.97431,789,8,,-0.374,-0.272
116,House,21196,65,2.0,NV,200,,,"AMODEI, Mark E.",A000369,1958,,0.381,0.196,-121.04918,0.8571,785,58,,0.399,0.238
116,House,21339,65,4.0,NV,100,,,"HORSFORD, Steven",H001066,1973,,-0.35,0.115,-48.00991,0.94196,803,21,,-0.393,0.331
116,House,21938,65,3.0,NV,100,,,"LEE, Susie",L000590,1966,,-0.286,0.435,-47.75318,0.94268,809,18,,-0.308,0.436
116,House,21340,4,2.0,NH,100,,,"KUSTER, Ann McLane",K000382,1956,,-0.258,-0.103,-27.61392,0.96599,798,8,,-0.332,0.092
116,House,21951,4,1.0,NH,100,,,"PAPPAS, Chris",P000614,1980,,-0.277,0.371,-53.40303,0.9362,810,21,,-0.299,0.322
116,House,14863,12,4.0,NJ,200,,,"SMITH, Christopher Henry",S000522,1953,,0.17,-0.168,-203.59966,0.76897,775,88,,0.2,-0.122
116,House,15454,12,6.0,NJ,100,,,"PALLONE, Frank, Jr.",P000034,1951,,-0.404,-0.169,-16.55148,0.9798,811,5,,-0.423,-0.382
116,House,20542,12,8.0,NJ,100,,,"SIRES, Albio",S001165,1951,,-0.405,0.098,-14.33615,0.98193,786,4,,-0.422,0.111
116,House,21536,12,1.0,NJ,100,,,"NORCROSS, Donald",N000188,1958,,-0.426,0.332,-28.57324,0.965,802,7,,-0.395,-0.011
116,House,21538,12,12.0,NJ,100,,,"WATSON COLEMAN, Bonnie",W000822,1945,,-0.617,-0.175,-49.04378,0.94104,807,19,,-0.463,-0.159
116,House,21723,12,5.0,NJ,100,,,"GOTTHEIMER, Josh S.",G000583,1975,,-0.15,0.233,-103.1511,0.88001,807,49,,-0.171,0.456
116,House,21937,12,3.0,NJ,100,,,"KIM, Andy",K000394,1982,,-0.301,0.362,-54.27455,0.93527,811,20,,-0.273,0.398
116,House,21942,12,7.0,NJ,100,,,"MALINOWSKI, Tomaz",M001203,1965,,-0.271,0.119,-39.4993,0.95229,808,13,,-0.26,0.099
116,House,21964,12,11.0,NJ,100,,,"SHERRILL, Mikie",S001207,1972,,-0.206,0.302,-70.45832,0.91639,807,26,,-0.184,0.241
116,House,21980,12,2.0,NJ,100,,,"VAN DREW, Jefferson",V000133,1953,,-0.147,0.644,-89.13305,0.85956,589,37,,-0.147,0.643
116,House,29741,12,9.0,NJ,100,,,"PASCRELL, William J., Jr.",P000096,1937,,-0.367,-0.007,-23.39692,0.97132,804,6,,-0.353,-0.183
116,House,31103,12,10.0,NJ,100,,,"PAYNE, Donald, Jr.",P000604,1958,,-0.52,-0.109,-28.05213,0.96319,748,8,,-0.51,-0.028
116,House,91980,12,2.0,NJ,200,,,"VAN DREW, Jefferson",V000133,1953,,0.321,-0.45,-83.18651,0.66245,202,31,,0.179,-0.181
116,House,20932,66,3.0,NM,100,,,"LUJÁN, Ben Ray",L000570,1972,,-0.368,0.015,-25.94322,0.9684,808,13,,-0.31,-0.224
116,House,21928,66,1.0,NM,100,,,"HAALAND, Debra",H001080,1960,,-0.332,-0.233,-20.64652,0.97474,807,9,,-0.324,-0.226
116,House,21976,66,2.0,NM,100,,,"TORRES SMALL, Xochitl",T000484,1984,,-0.163,0.314,-99.88538,0.88358,807,42,,-0.163,0.314
116,House,15603,13,16.0,NY,100,,,"ENGEL, Eliot Lance",E000179,1947,,-0.408,-0.093,-23.72532,0.97078,800,9,,-0.45,-0.193
116,House,15612,13,17.0,NY,100,,,"LOWEY, Nita M.",L000480,1937,,-0.389,-0.152,-17.18646,0.97853,792,6,,-0.391,0.058
116,House,20519,13,26.0,NY,100,,,"HIGGINS, Brian",H001038,1959,,-0.348,-0.033,-18.26559,0.97748,802,7,,-0.385,-0.034
116,House,20733,13,9.0,NY,100,,,"CLARKE, Yvette Diane",C001067,1964,,-0.612,-0.224,-32.46372,0.96047,805,14,,-0.52,-0.623
116,House,20934,13,20.0,NY,100,,,"TONKO, Paul",T000469,1949,,-0.421,-0.262,-19.11814,0.97621,794,10,,-0.361,-0.405
116,House,21101,13,23.0,NY,200,,,"REED, Thomas W. II",R000585,1971,,0.269,0.12,-157.57663,0.81896,789,67,,0.238,0.182
116,House,21342,13,6.0,NY,100,,,"MENG, Grace",M001188,1975,,-0.378,-0.209,-60.1096,0.92735,797,26,,-0.281,-0.48
116,House,21343,13,8.0,NY,100,,,"JEFFRIES, Hakeem",J000294,1970,,-0.488,-0.095,-18.13403,0.97753,798,6,,-0.499,-0.124
116,House,21344,13,18.0,NY,100,,,"MALONEY, Sean Patrick",M001185,1966,,-0.239,0.114,-41.58235,0.9496,804,19,,-0.312,0.384
116,House,21345,13,27.0,NY,200,,,"COLLINS, Chris",C001092,1950,,0.357,0.236,-61.83374,0.87498,463,22,,0.328,0.316
116,House,21539,13,1.0,NY,200,,,"ZELDIN, Lee M",Z000017,1980,,0.397,-0.132,-168.99483,0.80936,799,75,,0.417,-0.145
116,House,21540,13,4.0,NY,100,,,"RICE, Kathleen Maura",R000602,1965,,-0.28,0.039,-53.89029,0.93357,784,25,,-0.273,0.232
116,House,21541,13,21.0,NY,200,,,"STEFANIK, Elise M",S001196,1984,,0.258,-0.027,-159.95658,0.8206,809,73,,0.231,-0.02
116,House,21542,13,24.0,NY,200,,,"KATKO, John",K000386,1962,,0.187,0.007,-151.14681,0.82343,778,59,,0.187,0.005
116,House,21715,13,13.0,NY,100,,,"ESPAILLAT, Adriano J.",E000297,1954,,-0.614,-0.238,-29.48634,0.96421,809,12,,-0.455,-0.629
116,House,21747,13,3.0,NY,100,,,"SUOZZI, Thomas",S001201,1962,,-0.219,0.086,-54.51532,0.93421,801,22,,-0.293,0.285
116,House,21761,13,25.0,NY,100,,,"MORELLE, Joseph D.",M001206,1957,,-0.357,0.194,-25.00173,0.96873,787,6,,-0.32,0.084
116,House,21904,13,22.0,NY,100,,,"BRINDISI, Anthony",B001308,1978,,-0.154,0.567,-136.69953,0.84418,807,45,,-0.154,0.568
116,House,21916,13,19.0,NY,100,,,"DELGADO, Antonio",D000630,1977,,-0.233,0.277,-59.37012,0.92941,811,17,,-0.216,0.2
116,House,21949,13,14.0,NY,100,,,"OCASIO-CORTEZ, Alexandria",O000172,1989,,-0.258,-0.966,-67.00427,0.92013,805,29,,-0.222,-0.975
116,House,21958,13,11.0,NY,100,,,"ROSE, Max",R000613,1986,,-0.176,0.269,-114.2671,0.86705,801,43,,-0.176,0.269
116,House,21990,13,27.0,NY,200,,,"JACOBS, Chris",J000020,1966,,0.322,0.008,-15.55511,0.83964,89,8,,0.327,-0.107
116,House,29134,13,15.0,NY,100,,,"SERRANO, José E.",S000248,1943,,-0.491,-0.377,-13.46589,0.98142,718,5,,-0.437,-0.311
116,House,29375,13,2.0,NY,200,,,"KING, Peter T.",K000210,1944,,0.259,-0.03,-156.98659,0.82121,797,57,,0.253,0.007
116,House,29377,13,10.0,NY,100,,,"NADLER, Jerrold Lewis",N000002,1947,,-0.508,-0.499,-18.3207,0.97705,789,7,,-0.544,-0.367
116,House,29378,13,7.0,NY,100,,,"VELÁZQUEZ, Nydia M.",V000081,1953,,-0.547,-0.343,-16.01316,0.98008,796,6,,-0.478,-0.58
116,House,29379,13,12.0,NY,100,,,"MALONEY, Carolyn Bosher",M000087,1946,,-0.387,-0.284,-21.73973,0.97345,808,9,,-0.416,-0.42
116,House,29776,13,5.0,NY,100,,,"MEEKS, Gregory W.",M001137,1953,,-0.414,-0.071,-18.50266,0.97623,769,7,,-0.528,0.065
116,House,15438,47,4.0,NC,100,,,"PRICE, David Eugene",P000523,1940,,-0.343,-0.03,-16.71188,0.9795,807,6,,-0.38,-0.117
116,House,20340,47,1.0,NC,100,,,"BUTTERFIELD, George Kenneth, Jr. (G.K.)",B001251,1947,,-0.404,0.184,-21.51802,0.97353,802,8,,-0.422,0.099
116,House,20521,47,5.0,NC,200,,,"FOXX, Virginia Ann",F000450,1943,,0.627,0.149,-134.33919,0.84435,794,58,,0.562,0.061
116,House,20522,47,10.0,NC,200,,,"McHENRY, Patrick T.",M001156,1975,,0.536,0.106,-149.98149,0.81875,750,59,,0.415,0.084
116,House,21346,47,8.0,NC,200,,,"HUDSON, Richard",H001067,1971,,0.541,0.136,-123.95273,0.8471,747,49,,0.481,0.111
116,House,21348,47,11.0,NC,200,,,"MEADOWS, Mark",M001187,1959,,0.605,-0.201,-132.76565,0.81396,645,60,,0.587,-0.209
116,House,21349,47,2.0,NC,200,,,"HOLDING, George E.B.",H001065,1968,,0.604,0.165,-81.25937,0.89069,702,33,,0.534,0.272
116,House,21543,47,6.0,NC,200,,,"WALKER, Bradley Mark",W000819,1969,,0.641,0.017,-80.78866,0.89115,701,33,,0.671,0.14
116,House,21544,47,7.0,NC,200,,,"ROUZER, David",R000603,1972,,0.566,0.173,-114.7316,0.86655,801,46,,0.544,0.116
116,House,21545,47,12.0,NC,100,,,"ADAMS, Alma",A000370,1946,,-0.465,0.026,-15.22338,0.98084,787,5,,-0.429,-0.061
116,House,21708,47,13.0,NC,200,,,"BUDD, Theodore Paul",B001305,1971,,0.653,-0.08,-114.11536,0.86613,794,46,,0.659,-0.132
116,House,21986,47,9.0,NC,200,,,"BISHOP, Dan",B001311,1964,,0.715,-0.287,-26.50131,0.92004,318,12,,0.858,0.058
116,House,21987,47,3.0,NC,200,,,"MURPHY, Gregory Francis",M001210,1963,,0.486,0.027,-50.5163,0.85604,325,21,,0.594,0.058
116,House,29546,47,3.0,NC,200,,,"JONES, Walter Beaman, Jr.",J000255,1943,2019.0,0.244,-0.362,,,,,,,
116,House,21901,36,1.0,ND,200,,,"ARMSTRONG, Kelly",A000377,1976,,0.479,-0.015,-135.39568,0.84158,785,65,,0.466,0.036
116,House,21996,95,0.0,MP,100,,,"SABLAN, Gregorio Kilili Camacho",S001177,1955,,-0.449,-0.017,-0.2709,0.97567,11,0,,-0.412,-0.875
116,House,15029,24,9.0,OH,100,,,"KAPTUR, Marcia Carolyn (Marcy)",K000009,1946,,-0.35,0.108,-24.54009,0.96941,790,7,,-0.432,0.277
116,House,20342,24,10.0,OH,200,,,"TURNER, Michael R.",T000463,1960,,0.275,0.217,-109.45963,0.87197,799,36,,0.307,0.259
116,House,20343,24,13.0,OH,100,,,"RYAN, Timothy J.",R000577,1973,,-0.402,0.208,-19.77566,0.97039,658,9,,-0.363,0.037
116,House,20738,24,4.0,OH,200,,,"JORDAN, Jim",J000289,1964,,0.718,-0.202,-93.78945,0.88885,796,39,,0.768,-0.193
116,House,20755,24,5.0,OH,200,,,"LATTA, Robert E.",L000566,1956,,0.514,0.27,-64.45048,0.92351,810,17,,0.511,0.337
116,House,20941,24,11.0,OH,100,,,"FUDGE, Marcia L.",F000455,1952,,-0.581,0.14,-40.29551,0.94728,744,14,,-0.552,0.306
116,House,21162,24,6.0,OH,200,,,"JOHNSON, Bill",J000292,1954,,0.422,0.274,-76.65685,0.90819,796,34,,0.426,0.424
116,House,21163,24,15.0,OH,200,,,"STIVERS, Steve",S001187,1965,,0.3,0.269,-127.19868,0.84645,763,56,,0.304,0.271
116,House,21165,24,7.0,OH,200,,,"GIBBS, Bob",G000563,1954,,0.48,0.291,-92.98954,0.88789,782,33,,0.506,0.465
116,House,21351,24,2.0,OH,200,,,"WENSTRUP, Brad",W000815,1958,,0.534,0.223,-91.71681,0.89013,788,35,,0.517,0.244
116,House,21352,24,3.0,OH,100,,,"BEATTY, Joyce",B001281,1950,,-0.434,0.044,-15.42734,0.98029,775,4,,-0.474,-0.095
116,House,21353,24,14.0,OH,200,,,"JOYCE, David",J000295,1957,,0.261,0.274,-110.08396,0.87099,797,39,,0.284,0.248
116,House,21564,24,8.0,OH,200,,,"DAVIDSON, Warren",D000626,1970,,0.667,-0.357,-171.4655,0.80665,798,80,,0.676,-0.42
116,House,21759,24,12.0,OH,200,,,"BALDERSON, Troy",B001306,1962,,0.423,0.347,-81.88013,0.90385,810,37,,0.418,0.477
116,House,21924,24,16.0,OH,200,,,"GONZALEZ, Anthony",G000588,1984,,0.246,0.304,-116.69676,0.86443,801,42,,0.285,0.245
116,House,29550,24,1.0,OH,200,,,"CHABOT, Steve",C000266,1953,,0.549,-0.151,-105.33045,0.8782,811,37,,0.493,0.232
116,House,20344,53,4.0,OK,200,,,"COLE, Tom",C001053,1949,,0.329,0.37,-120.75197,0.86134,809,45,,0.302,0.407
116,House,21355,53,2.0,OK,200,,,"MULLIN, Markwayne",M001190,1977,,0.538,0.234,-105.9965,0.85347,669,43,,0.553,0.078
116,House,21760,53,1.0,OK,200,,,"HERN, Kevin",H001082,1961,,0.686,-0.046,-100.22836,0.8828,804,42,,0.687,0.078
116,House,21933,53,5.0,OK,100,,,"HORN, Kendra",H001083,1976,,-0.169,0.519,-119.35155,0.86284,809,50,,-0.17,0.519
116,House,29393,53,3.0,OK,200,,,"LUCAS, Frank D.",L000491,1960,,0.366,0.418,-64.94134,0.91841,763,25,,0.338,0.609
116,House,15410,72,4.0,OR,100,,,"DeFAZIO, Peter Anthony",D000191,1947,,-0.427,-0.002,-60.42505,0.92509,776,19,,-0.316,-0.342
116,House,20944,72,5.0,OR,100,,,"SCHRADER, Kurt",S001180,1951,,-0.182,0.055,-120.06858,0.85949,793,52,,-0.139,0.103
116,House,21198,72,1.0,OR,100,,,"BONAMICI, Suzanne",B001278,1954,,-0.394,-0.408,-18.13569,0.97786,810,6,,-0.448,-0.437
116,House,29588,72,3.0,OR,100,,,"BLUMENAUER, Earl",B000574,1948,,-0.427,-0.661,-27.5815,0.96611,800,11,,-0.473,-0.831
116,House,29932,72,2.0,OR,200,,,"WALDEN, Greg",W000791,1957,,0.333,-0.011,-131.97424,0.8481,801,54,,0.281,0.191
116,House,20946,14,15.0,PA,200,,,"THOMPSON, Glenn",T000467,1959,,0.318,0.398,-91.30128,0.89086,790,34,,0.336,0.403
116,House,21167,14,16.0,PA,200,,,"KELLY, Mike",K000376,1948,,0.365,0.416,-132.76923,0.8444,785,61,,0.457,0.159
116,House,21170,14,12.0,PA,200,,,"MARINO, Thomas A.",M001179,1952,,0.352,0.477,-0.28897,0.98751,23,0,,0.0,0.0
116,House,21356,14,10.0,PA,200,,,"PERRY, Scott",P000605,1962,,0.664,-0.436,-163.94425,0.81259,790,92,,0.582,-0.304
116,House,21358,14,8.0,PA,100,,,"CARTWRIGHT, Matt",C001090,1961,,-0.36,-0.028,-25.26228,0.96817,781,7,,-0.305,-0.02
116,House,21548,14,2.0,PA,100,,,"BOYLE, Brendan Francis",B001296,1977,,-0.4,0.132,-35.88667,0.95629,803,15,,-0.392,-0.186
116,House,21566,14,3.0,PA,100,,,"EVANS, Dwight",E000296,1954,,-0.465,-0.095,-12.52139,0.98439,796,1,,-0.502,-0.076
116,House,21718,14,1.0,PA,200,,,"FITZPATRICK, Brian K.",F000466,1973,,0.159,-0.161,-173.90073,0.80506,802,68,,0.146,-0.124
116,House,21745,14,11.0,PA,200,,,"SMUCKER, Lloyd K.",S001199,1964,,0.431,0.249,-78.2884,0.90248,763,35,,0.441,0.197
116,House,21756,14,17.0,PA,100,,,"LAMB, Conor",L000588,1984,,-0.142,0.209,-119.35016,0.86236,806,61,,-0.14,0.297
116,House,21762,14,5.0,PA,100,,,"SCANLON, Mary Gay",S001205,1959,,-0.45,-0.026,-15.96518,0.98044,808,5,,-0.534,0.121
116,House,21763,14,7.0,PA,100,,,"WILD, Susan",W000826,1957,,-0.275,0.357,-68.47988,0.91835,804,30,,-0.365,0.641
116,House,21915,14,4.0,PA,100,,,"DEAN, Madeleine",D000631,1959,,-0.463,-0.007,-13.21393,0.98378,808,5,,-0.514,0.075
116,House,21934,14,6.0,PA,100,,,"HOULAHAN, Christina",H001085,1967,,-0.304,0.48,-44.30141,0.94671,809,14,,-0.312,0.549
116,House,21936,14,13.0,PA,200,,,"JOYCE, John",J000302,1957,,0.557,0.093,-79.98344,0.90122,769,33,,0.535,0.174
116,House,21945,14,9.0,PA,200,,,"MEUSER, Dan",M001204,1964,,0.501,0.26,-100.61648,0.87839,776,51,,0.559,0.414
116,House,21956,14,14.0,PA,200,,,"RESCHENTHALER, Guy",R000610,1983,,0.368,0.359,-95.96043,0.88297,771,36,,0.358,0.386
116,House,21985,14,12.0,PA,200,,,"KELLER, Fred",K000395,1965,,0.498,0.164,-75.00861,0.88358,606,31,,0.507,0.097
116,House,29561,14,18.0,PA,100,,,"DOYLE, Michael F.",D000482,1953,,-0.331,0.099,-36.46494,0.95433,780,14,,-0.46,-0.347
116,House,21992,92,0.0,PR,200,,,"GONZÁLEZ-CÓLON, Jenniffer",G000582,1976,,0.258,0.301,-5.40904,0.61157,11,3,,0.165,0.986
116,House,20136,5,2.0,RI,100,,,"LANGEVIN, James",L000559,1964,,-0.375,0.114,-33.49331,0.95935,807,8,,-0.292,0.018
116,House,21172,5,1.0,RI,100,,,"CICILLINE, David N.",C001084,1961,,-0.388,-0.267,-23.37853,0.97127,802,8,,-0.428,-0.136
116,House,20138,48,2.0,SC,200,,,"WILSON, Addison Graves (Joe)",W000795,1947,,0.531,0.139,-112.92456,0.86457,776,52,,0.497,0.13
116,House,21174,48,3.0,SC,200,,,"DUNCAN, Jeff",D000615,1966,,0.706,-0.09,-105.83458,0.87402,786,41,,0.714,-0.132
116,House,21359,48,7.0,SC,200,,,"RICE, Tom",R000597,1957,,0.564,-0.216,-175.34057,0.8014,792,82,,0.63,-0.319
116,House,21753,48,5.0,SC,200,,,"NORMAN, Ralph",N000190,1953,,0.841,-0.341,-90.88435,0.89015,781,37,,0.822,-0.184
116,House,21913,48,1.0,SC,100,,,"CUNNINGHAM, Joe",C001122,1982,,-0.131,0.49,-142.08536,0.83727,800,53,,-0.131,0.49
116,House,21974,48,4.0,SC,200,,,"TIMMONS, William",T000480,1984,,0.591,0.222,-84.26626,0.88472,688,34,,0.599,0.145
116,House,39301,48,6.0,SC,100,,,"CLYBURN, James Enos",C000537,1940,,-0.464,0.254,-26.6061,0.96421,730,9,,-0.386,0.083
116,House,21935,37,1.0,SD,200,,,"JOHNSON, Dustin",J000301,1976,,0.442,0.221,-110.30508,0.87269,810,38,,0.474,0.111
116,House,15019,54,5.0,TN,100,,,"COOPER, James Hayes Shofner",C000754,1954,,-0.164,-0.033,-91.7368,0.89153,799,23,,-0.264,0.252
116,House,20748,54,9.0,TN,100,,,"COHEN, Stephen",C001068,1949,,-0.398,-0.352,-26.37403,0.96737,795,10,,-0.406,-0.253
116,House,20947,54,1.0,TN,200,,,"ROE, David P. (Phil)",R000582,1945,,0.486,0.024,-95.09914,0.88577,784,39,,0.459,0.127
116,House,21178,54,3.0,TN,200,,,"FLEISCHMANN, Chuck",F000459,1962,,0.459,0.291,-96.68157,0.88762,811,45,,0.411,0.42
116,House,21179,54,4.0,TN,200,,,"DESJARLAIS, Scott",D000616,1964,,0.578,-0.074,-98.25109,0.88108,776,44,,0.562,0.005
116,House,21731,54,8.0,TN,200,,,"KUSTOFF, David",K000392,1966,,0.534,0.332,-68.14659,0.91735,790,27,,0.512,0.627
116,House,21905,54,2.0,TN,200,,,"BURCHETT, Timothy",B001309,1964,,0.671,-0.329,-142.16395,0.837,799,53,,0.678,-0.311
116,House,21926,54,7.0,TN,200,,,"GREEN, Mark",G000590,1964,,0.673,0.019,-84.61424,0.88735,708,38,,0.704,0.041
116,House,21959,54,6.0,TN,200,,,"ROSE, John",R000612,1965,,0.667,0.093,-111.42677,0.86814,788,49,,0.673,0.048
116,House,20355,49,26.0,TX,200,,,"BURGESS, Michael C.",B001248,1950,,0.574,-0.201,-153.65863,0.82324,790,75,,0.611,-0.111
116,House,20356,49,31.0,TX,200,,,"CARTER, John R.",C001051,1941,,0.481,0.584,-133.39558,0.83215,726,60,,0.514,0.649
116,House,20527,49,1.0,TX,200,,,"GOHMERT, Louie",G000552,1953,,0.642,-0.398,-133.67628,0.83391,736,62,,0.709,-0.435
116,House,20529,49,9.0,TX,100,,,"GREEN, Al",G000553,1947,,-0.438,0.294,-29.97441,0.96354,807,16,,-0.42,-0.053
116,House,20530,49,10.0,TX,200,,,"McCAUL, Michael T.",M001157,1962,,0.424,0.111,-150.02805,0.82939,802,63,,0.323,0.263
116,House,20531,49,11.0,TX,200,,,"CONAWAY, K. Michael",C001062,1948,,0.593,0.367,-81.86616,0.90319,804,36,,0.612,0.494
116,House,20532,49,24.0,TX,200,,,"MARCHANT, Kenny",M001158,1951,,0.6,0.154,-117.73578,0.83197,640,45,,0.593,0.028
116,House,20533,49,28.0,TX,100,,,"CUELLAR, Henry",C001063,1955,,-0.229,0.618,-141.46088,0.83939,808,67,,-0.359,0.9
116,House,20948,49,22.0,TX,200,,,"OLSON, Pete",O000168,1962,,0.548,0.308,-97.94453,0.88099,773,41,,0.587,0.301
116,House,21182,49,17.0,TX,200,,,"FLORES, Bill",F000461,1954,,0.572,0.293,-108.65018,0.87044,783,40,,0.519,0.198
116,House,21360,49,14.0,TX,200,,,"WEBER, Randy",W000814,1953,,0.731,0.002,-103.66701,0.87404,770,44,,0.728,-0.032
116,House,21362,49,20.0,TX,100,,,"CASTRO, Joaquin",C001091,1974,,-0.401,-0.041,-33.76034,0.95775,782,14,,-0.618,-0.155
116,House,21364,49,25.0,TX,200,,,"WILLIAMS, Roger",W000816,1949,,0.586,0.139,-107.65972,0.8726,790,44,,0.565,0.095
116,House,21365,49,33.0,TX,100,,,"VEASEY, Marc",V000131,1971,,-0.4,0.283,-31.56057,0.96141,802,10,,-0.339,0.09
116,House,21366,49,34.0,TX,100,,,"VELA, Filemon",V000132,1963,,-0.311,0.407,-92.02718,0.89185,804,36,,-0.447,0.492
116,House,21549,49,4.0,TX,200,,,"RATCLIFFE, John",R000601,1965,,0.693,0.113,-74.52081,0.88536,612,34,,0.654,0.116
116,House,21550,49,23.0,TX,200,,,"HURD, William Ballard",H001073,1977,,0.287,0.228,-175.54897,0.80231,797,77,,0.219,0.277
116,House,21551,49,36.0,TX,200,,,"BABIN, Brian",B001291,1948,,0.708,0.089,-111.63569,0.86553,773,50,,0.708,0.03
116,House,21700,49,19.0,TX,200,,,"ARRINGTON, Jodey Cook",A000375,1972,,0.656,-0.058,-125.08549,0.85407,793,63,,0.655,-0.097
116,House,21722,49,15.0,TX,100,,,"GONZALEZ, Vicente Jr.",G000581,1967,,-0.379,0.661,-81.57097,0.89997,774,36,,-0.533,0.846
116,House,21758,49,27.0,TX,200,,,"CLOUD, Michael",C001115,1975,,0.676,-0.295,-142.37157,0.83716,801,63,,0.656,-0.272
116,House,21900,49,32.0,TX,100,,,"ALLRED, Colin",A000376,1983,,-0.432,0.576,-40.07609,0.95072,793,16,,-0.448,0.613
116,House,21911,49,2.0,TX,200,,,"CRENSHAW, Daniel",C001120,1984,,0.43,0.197,-90.18897,0.89326,799,38,,0.397,0.364
116,House,21917,49,16.0,TX,100,,,"ESCOBAR, Veronica",E000299,1969,,-0.415,-0.461,-27.77369,0.96596,802,8,,-0.387,-0.226
116,House,21919,49,7.0,TX,100,,,"FLETCHER, Elizabeth",F000468,1975,,-0.381,0.691,-73.06855,0.91354,808,35,,-0.445,0.84
116,House,21922,49,29.0,TX,100,,,"GARCIA, Sylvia",G000587,1950,,-0.831,0.504,-48.6314,0.9418,811,14,,-0.726,0.555
116,House,21925,49,5.0,TX,200,,,"GOODEN, Lance",G000589,1982,,0.757,-0.078,-91.8601,0.89075,794,35,,0.724,0.007
116,House,21961,49,21.0,TX,200,,,"ROY, Charles",R000614,1972,,0.8,-0.6,-139.01887,0.8392,793,54,,0.919,-0.395
116,House,21973,49,3.0,TX,200,,,"TAYLOR, Nicholas",T000479,1972,,0.573,-0.21,-147.14328,0.83332,807,66,,0.551,-0.114
116,House,21984,49,6.0,TX,200,,,"WRIGHT, Ron",W000827,1953,2021.0,0.711,-0.09,-67.09875,0.89632,613,24,,0.709,-0.095
116,House,29571,49,35.0,TX,100,,,"DOGGETT, Lloyd Alton, II",D000399,1946,,-0.402,-0.316,-40.74758,0.94935,784,13,,-0.41,-0.443
116,House,29572,49,13.0,TX,200,,,"THORNBERRY, William McClellan (Mac)",T000238,1958,,0.525,0.313,-106.92728,0.87159,778,48,,0.502,0.319
116,House,29573,49,18.0,TX,100,,,"JACKSON LEE, Sheila",J000032,1950,,-0.46,0.124,-21.50439,0.97338,797,10,,-0.558,-0.065
116,House,29760,49,8.0,TX,200,,,"BRADY, Kevin Patrick",B000755,1955,,0.52,0.235,-112.90108,0.86329,768,48,,0.579,0.307
116,House,29762,49,12.0,TX,200,,,"GRANGER, Kay",G000377,1943,,0.402,0.234,-108.55819,0.86129,727,50,,0.421,0.396
116,House,39305,49,30.0,TX,100,,,"JOHNSON, Eddie Bernice",J000126,1935,,-0.485,0.198,-22.51868,0.97193,791,9,,-0.405,0.011
116,House,20357,67,1.0,UT,200,,,"BISHOP, Robert (Rob)",B001250,1951,,0.537,0.105,-137.88969,0.83287,754,63,,0.573,0.028
116,House,21367,67,2.0,UT,200,,,"STEWART, Chris",S001192,1960,,0.507,0.165,-92.47399,0.8894,789,41,,0.535,0.266
116,House,21755,67,3.0,UT,200,,,"CURTIS, John R.",C001114,1960,,0.488,0.074,-105.73568,0.86867,751,42,,0.54,0.052
116,House,21943,67,4.0,UT,100,,,"McADAMS, Ben",M001209,1974,,-0.069,0.294,-222.21133,0.75982,809,87,,-0.069,0.294
116,House,20750,6,1.0,VT,100,,,"WELCH, Peter",W000800,1947,,-0.407,-0.356,-23.09836,0.97108,787,10,,-0.53,-0.324
116,House,21994,96,1.0,VI,100,,,"PLASKETT, Stacey E.",P000610,1966,,-0.347,0.193,-10.97703,0.94084,180,4,,-0.327,0.219
116,House,20756,40,1.0,VA,200,,,"WITTMAN, Robert J.",W000804,1959,,0.445,0.004,-133.12675,0.84758,805,55,,0.528,0.142
116,House,20952,40,11.0,VA,100,,,"CONNOLLY, Gerald E. (Gerry)",C001078,1950,,-0.306,-0.019,-51.48264,0.93797,804,25,,-0.246,-0.077
116,House,21191,40,9.0,VA,200,,,"GRIFFITH, H. Morgan",G000568,1958,,0.535,-0.403,-180.54718,0.79337,780,75,,0.563,-0.363
116,House,21554,40,8.0,VA,100,,,"BEYER, Donald Sternoff Jr.",B001292,1950,,-0.386,-0.054,-18.66767,0.97673,793,7,,-0.345,-0.198
116,House,21736,40,4.0,VA,100,,,"MCEACHIN, Aston Donald",M001200,1961,,-0.381,-0.017,-38.38852,0.94487,677,15,,-0.301,-0.033
116,House,21908,40,6.0,VA,200,,,"CLINE, Benjamin",C001118,1972,,0.712,-0.199,-124.13874,0.85807,811,53,,0.703,-0.184
116,House,21941,40,2.0,VA,100,,,"LURIA, Elaine",L000591,1975,,-0.205,0.425,-111.11351,0.87062,802,54,,-0.177,0.381
116,House,21957,40,5.0,VA,200,,,"RIGGLEMAN, Denver",R000611,1970,,0.476,-0.018,-124.62104,0.84949,764,40,,0.478,-0.026
116,House,21966,40,7.0,VA,100,,,"SPANBERGER, Abigail",S001209,1979,,-0.176,0.427,-107.06429,0.87604,809,41,,-0.165,0.429
116,House,21983,40,10.0,VA,100,,,"WEXTON, Jennifer",W000825,1968,,-0.34,0.364,-29.7666,0.96387,809,15,,-0.413,0.493
116,House,39307,40,3.0,VA,100,,,"SCOTT, Robert C.",S000185,1947,,-0.45,0.016,-38.84933,0.95317,810,14,,-0.38,0.125
116,House,20145,73,2.0,WA,100,,,"LARSEN, Richard Ray (Rick)",L000560,1965,,-0.365,0.186,-39.20365,0.95252,806,10,,-0.374,0.122
116,House,20535,73,5.0,WA,200,,,"McMORRIS RODGERS, Cathy",M001159,1969,,0.422,0.134,-124.43855,0.85392,788,55,,0.409,-0.016
116,House,21187,73,3.0,WA,200,,,"HERRERA BEUTLER, Jaime",H001056,1978,,0.343,-0.141,-132.9962,0.8121,639,64,,0.285,-0.059
116,House,21368,73,6.0,WA,100,,,"KILMER, Derek",K000381,1974,,-0.31,-0.016,-31.84807,0.9614,809,16,,-0.415,0.37
116,House,21369,73,10.0,WA,100,,,"HECK, Denny",H001064,1952,,-0.312,-0.128,-19.30426,0.9761,798,6,,-0.312,-0.199
116,House,21556,73,4.0,WA,200,,,"NEWHOUSE, Daniel Milton",N000189,1955,,0.333,0.276,-100.96702,0.87974,788,45,,0.331,0.282
116,House,21726,73,7.0,WA,100,,,"JAYAPAL, Pramila",J000298,1965,,-0.681,-0.358,-40.12165,0.95132,804,14,,-0.504,-0.824
116,House,21962,73,8.0,WA,100,,,"SCHRIER, Kim",S001216,1968,,-0.323,0.499,-38.92879,0.95302,809,17,,-0.348,0.448
116,House,29768,73,9.0,WA,100,,,"SMITH, Adam",S000510,1965,,-0.286,-0.161,-18.00161,0.97764,796,7,,-0.359,-0.216
116,House,31101,73,1.0,WA,100,,,"DelBENE, Suzan K.",D000617,1962,,-0.285,-0.203,-19.58182,0.97606,808,2,,-0.353,-0.178
116,House,21188,56,1.0,WV,200,,,"McKINLEY, David",M001180,1947,,0.301,0.175,-138.89998,0.84259,811,58,,0.321,0.322
116,House,21557,56,2.0,WV,200,,,"MOONEY, Alex X.",M001195,1971,,0.559,-0.211,-166.3371,0.81374,807,68,,0.581,-0.283
116,House,21946,56,3.0,WV,200,,,"MILLER, Carol",M001205,1950,,0.479,0.336,-84.00204,0.90032,800,34,,0.469,0.299
116,House,14657,25,5.0,WI,200,,,"SENSENBRENNER, Frank James, Jr.",S000244,1943,,0.638,-0.579,-165.27996,0.78478,682,83,,0.573,-0.267
116,House,20537,25,4.0,WI,100,,,"MOORE, Gwendolynne S. (Gwen)",M001160,1951,,-0.525,-0.252,-32.80557,0.95977,799,15,,-0.433,-0.4
116,House,21189,25,7.0,WI,200,,,"DUFFY, Sean",D000614,1971,,0.511,-0.109,-100.93909,0.79459,439,46,,0.515,0.012
116,House,21370,25,2.0,WI,100,,,"POCAN, Mark",P000607,1964,,-0.535,-0.554,-32.80745,0.95972,798,12,,-0.472,-0.882
116,House,21559,25,6.0,WI,200,,,"GROTHMAN, Glenn",G000576,1955,,0.6,-0.27,-160.63751,0.81495,785,80,,0.606,-0.3
116,House,21720,25,8.0,WI,200,,,"GALLAGHER, Michael",G000579,1984,,0.438,-0.024,-163.82941,0.81034,779,72,,0.411,-0.078
116,House,21970,25,1.0,WI,200,,,"STEIL, Bryan",S001213,1981,,0.418,0.019,-137.09011,0.8427,801,62,,0.421,-0.061
116,House,21989,25,7.0,WI,200,,,"TIFFANY, Thomas P.",T000165,1957,,0.635,-0.193,-17.77705,0.85443,113,7,,0.59,-0.238
116,House,29769,25,3.0,WI,100,,,"KIND, Ron",K000188,1963,,-0.26,-0.08,-67.15672,0.91781,783,24,,-0.261,0.178
116,House,21710,68,1.0,WY,200,,,"CHENEY, Liz",C001109,1966,,0.431,0.711,-130.09151,0.84511,773,56,,0.519,0.467
116,Senate,41705,41,0.0,AL,100,,,"JONES, Gordon Douglas (Doug)",J000300,1954,,-0.088,0.187,-80.32594,0.88065,632,33,,-0.081,0.234
116,Senate,94659,41,0.0,AL,200,,,"SHELBY, Richard C.",S000320,1934,,0.448,0.576,-46.02009,0.93294,663,27,,0.437,0.219
116,Senate,40300,81,0.0,AK,200,,,"MURKOWSKI, Lisa",M001153,1957,,0.21,-0.302,-47.57056,0.92649,623,11,,0.283,-0.424
116,Senate,41500,81,0.0,AK,200,,,"SULLIVAN, Daniel Scott",S001198,1964,,0.481,0.068,-53.4253,0.92098,649,25,,0.51,-0.04
116,Senate,21300,61,0.0,AZ,100,,,"SINEMA, Kyrsten",S001191,1976,,-0.105,0.075,-86.20562,0.86781,608,27,,-0.065,0.217
116,Senate,21501,61,0.0,AZ,200,,,"McSALLY, Martha",M001197,1966,,0.345,0.027,-35.62669,0.94281,605,13,,0.338,0.209
116,Senate,41905,61,0.0,AZ,100,,,"KELLY, Mark Edward",K000377,1964,,-0.178,0.397,-8.74058,0.81984,44,5,,-0.064,0.499
116,Senate,20101,42,0.0,AR,200,,,"BOOZMAN, John",B001236,1950,,0.426,0.323,-30.81829,0.95491,668,15,,0.354,0.245
116,Senate,21301,42,0.0,AR,200,,,"COTTON, Tom",C001095,1977,,0.613,0.133,-81.69124,0.88391,662,36,,0.471,-0.083
116,Senate,41701,71,0.0,CA,100,,,"HARRIS, Kamala Devi",H001075,1964,,-0.709,-0.105,-29.10452,0.90983,308,12,,-0.729,-0.137
116,Senate,49300,71,0.0,CA,100,,,"FEINSTEIN, Dianne",F000062,1933,,-0.268,-0.183,-77.99739,0.88854,660,24,,-0.263,-0.057
116,Senate,21112,62,0.0,CO,200,,,"GARDNER, Cory",G000562,1974,,0.444,-0.029,-48.59692,0.92807,651,21,,0.355,-0.009
116,Senate,40910,62,0.0,CO,100,,,"BENNET, Michael F.",B001267,1964,,-0.229,-0.175,-109.47353,0.8204,553,51,,-0.3,-0.144
116,Senate,20707,1,0.0,CT,100,,,"MURPHY, Christopher",M001169,1973,,-0.271,-0.196,-157.58033,0.78874,664,69,,-0.165,-0.323
116,Senate,41101,1,0.0,CT,100,,,"BLUMENTHAL, Richard",B001277,1946,,-0.436,-0.168,-109.43992,0.84762,662,47,,-0.456,-0.173
116,Senate,15015,11,0.0,DE,100,,,"CARPER, Thomas Richard",C000174,1947,,-0.177,-0.223,-105.67807,0.85287,664,29,,-0.19,-0.211
116,Senate,40916,11,0.0,DE,100,,,"COONS, Christopher A.",C001088,1963,,-0.23,-0.213,-75.99072,0.88886,645,26,,-0.21,-0.237
116,Senate,41102,43,0.0,FL,200,,,"RUBIO, Marco",R000595,1971,,0.607,-0.174,-50.95309,0.92301,636,25,,0.517,-0.102
116,Senate,41903,43,0.0,FL,200,,,"SCOTT, Richard Lynn (Rick)",S001217,1952,,0.65,0.183,-67.08273,0.90078,642,32,,0.547,0.065
116,Senate,29909,44,0.0,GA,200,,,"ISAKSON, Johnny",I000055,1944,2021.0,0.402,-0.011,-10.54373,0.96184,271,2,,0.336,0.153
116,Senate,41501,44,0.0,GA,200,,,"PERDUE, David Alfred, Jr.",P000612,1949,,0.562,-0.075,-38.26812,0.93689,587,19,,0.474,0.156
116,Senate,41904,44,0.0,GA,200,,,"LOEFFLER, Kelly",L000594,1970,,0.555,-0.203,-18.40266,0.9218,226,7,,0.556,-0.201
116,Senate,20713,82,0.0,HI,100,,,"HIRONO, Mazie",H001042,1947,,-0.511,-0.09,-88.61131,0.87256,650,44,,-0.575,-0.002
116,Senate,41112,82,0.0,HI,100,,,"SCHATZ, Brian Emanuel",S001194,1972,,-0.444,-0.104,-98.26475,0.85642,634,42,,-0.466,-0.111
116,Senate,29345,63,0.0,ID,200,,,"CRAPO, Michael Dean",C000880,1951,,0.498,0.276,-33.84078,0.95031,664,16,,0.492,0.65
116,Senate,40902,63,0.0,ID,200,,,"RISCH, James",R000584,1943,,0.552,0.399,-27.79405,0.95814,650,11,,0.573,0.636
116,Senate,15021,21,0.0,IL,100,,,"DURBIN, Richard Joseph",D000563,1944,,-0.348,-0.305,-134.56045,0.8148,657,71,,-0.287,-0.12
116,Senate,21325,21,0.0,IL,100,,,"DUCKWORTH, Tammy",D000622,1968,,-0.335,0.098,-96.54274,0.86118,646,36,,-0.376,0.208
116,Senate,21133,22,0.0,IN,200,,,"YOUNG, Todd",Y000064,1972,,0.458,-0.047,-68.26717,0.90102,655,32,,0.46,-0.329
116,Senate,41900,22,0.0,IN,200,,,"BRAUN, Michael",B001310,1954,,0.8,0.6,-61.55663,0.91133,663,29,,0.837,0.335
116,Senate,14226,31,0.0,IA,200,,,"GRASSLEY, Charles Ernest",G000386,1933,,0.354,-0.049,-59.88274,0.91301,658,20,,0.491,0.026
116,Senate,41502,31,0.0,IA,200,,,"ERNST, Joni",E000295,1970,,0.552,-0.093,-57.25224,0.91643,656,23,,0.544,-0.139
116,Senate,14852,32,0.0,KS,200,,,"ROBERTS, Charles Patrick (Pat)",R000307,1936,,0.413,-0.09,-23.41567,0.96396,638,2,,0.339,0.203
116,Senate,29722,32,0.0,KS,200,,,"MORAN, Jerry",M000934,1954,,0.418,0.229,-87.21774,0.86533,603,35,,0.452,-0.276
116,Senate,14921,51,0.0,KY,200,,,"McCONNELL, Addison Mitchell (Mitch)",M000355,1942,,0.404,0.009,-63.81842,0.90889,668,16,,0.297,0.201
116,Senate,41104,51,0.0,KY,200,,,"PAUL, Rand",P000603,1963,,0.886,-0.463,-175.8126,0.74853,607,91,,0.879,-0.477
116,Senate,20919,45,0.0,LA,200,,,"CASSIDY, Bill",C001075,1957,,0.465,-0.066,-48.51411,0.92577,629,24,,0.504,-0.06
116,Senate,41703,45,0.0,LA,200,,,"KENNEDY, John Neely",K000393,1951,,0.572,0.012,-77.53551,0.88836,655,36,,0.681,-0.043
116,Senate,41300,2,0.0,ME,328,,,"KING, Angus Stanley, Jr.",K000383,1944,,-0.161,-0.211,-83.66054,0.88228,668,33,,-0.167,-0.201
116,Senate,49703,2,0.0,ME,200,,,"COLLINS, Susan Margaret",C001035,1952,,0.116,-0.535,-60.47745,0.91344,668,17,,0.139,-0.404
116,Senate,15408,52,0.0,MD,100,,,"CARDIN, Benjamin Louis",C000141,1943,,-0.319,-0.224,-108.57247,0.84725,655,39,,-0.277,-0.113
116,Senate,20330,52,0.0,MD,100,,,"VAN HOLLEN, Christopher",V000128,1959,,-0.391,-0.208,-105.01352,0.85433,667,40,,-0.38,-0.333
116,Senate,14435,3,0.0,MA,100,,,"MARKEY, Edward John",M000133,1946,,-0.514,-0.459,-68.17759,0.89208,597,23,,-0.625,-0.759
116,Senate,41301,3,0.0,MA,100,,,"WARREN, Elizabeth",W000817,1949,,-0.753,-0.327,-14.5,0.96591,418,3,,-0.792,-0.434
116,Senate,20923,23,0.0,MI,100,,,"PETERS, Gary C.",P000595,1958,,-0.246,-0.186,-106.09688,0.85294,667,45,,-0.296,-0.027
116,Senate,29732,23,0.0,MI,100,,,"STABENOW, Deborah Ann",S000770,1950,,-0.343,-0.014,-115.46879,0.83421,637,58,,-0.397,-0.108
116,Senate,40700,33,0.0,MN,100,,,"KLOBUCHAR, Amy",K000367,1960,,-0.285,-0.367,-137.80584,0.7531,486,71,,-0.476,-0.367
116,Senate,41706,33,0.0,MN,100,,,"SMITH, Tina",S001203,1958,,-0.398,-0.06,-81.45191,0.88423,662,37,,-0.413,-0.032
116,Senate,29534,46,0.0,MS,200,,,"WICKER, Roger F.",W000437,1951,,0.377,0.352,-28.2072,0.95859,667,8,,0.364,0.196
116,Senate,41707,46,0.0,MS,200,,,"HYDE-SMITH, Cindy",H001079,1959,,0.435,0.395,-24.13835,0.96387,656,10,,0.363,0.38
116,Senate,29735,34,0.0,MO,200,,,"BLUNT, Roy",B000575,1950,,0.402,0.205,-27.36859,0.95902,654,6,,0.341,0.156
116,Senate,41901,34,0.0,MO,200,,,"HAWLEY, Joshua David",H001089,1979,,0.733,-0.182,-92.3664,0.87014,664,37,,0.618,-0.383
116,Senate,21338,64,0.0,MT,200,,,"DAINES, Steve",D000618,1962,,0.573,-0.046,-64.42998,0.90659,657,28,,0.58,-0.214
116,Senate,40702,64,0.0,MT,100,,,"TESTER, Jon",T000464,1956,,-0.215,0.144,-87.62906,0.87315,646,34,,-0.237,0.158
116,Senate,41302,35,0.0,NE,200,,,"FISCHER, Debra (Deb)",F000463,1951,,0.455,0.286,-26.45198,0.9597,643,11,,0.48,0.486
116,Senate,41503,35,0.0,NE,200,,,"SASSE, Benjamin Eric",S001197,1972,,0.672,-0.245,-40.92404,0.93843,644,15,,0.717,-0.012
116,Senate,21743,65,0.0,NV,100,,,"ROSEN, Jacklyn Sheryl",R000608,1957,,-0.284,0.284,-67.26002,0.90367,664,22,,-0.321,0.339
116,Senate,41700,65,0.0,NV,100,,,"CORTEZ MASTO, Catherine Marie",C001113,1964,,-0.363,0.348,-63.10421,0.90934,664,25,,-0.354,0.337
116,Senate,40906,4,0.0,NH,100,,,"SHAHEEN, Jeanne",S001181,1947,,-0.237,-0.144,-83.47321,0.88137,661,35,,-0.216,-0.036
116,Senate,41702,4,0.0,NH,100,,,"HASSAN, Margaret (Maggie)",H001076,1958,,-0.231,0.016,-76.89573,0.89127,668,29,,-0.214,0.006
116,Senate,29373,12,0.0,NJ,100,,,"MENENDEZ, Robert",M000639,1954,,-0.367,-0.123,-122.71198,0.83126,664,52,,-0.382,-0.125
116,Senate,41308,12,0.0,NJ,100,,,"BOOKER, Cory Anthony",B001288,1969,,-0.585,-0.271,-52.31688,0.87938,407,27,,-0.551,-0.382
116,Senate,20930,66,0.0,NM,100,,,"HEINRICH, Martin",H001046,1971,,-0.33,-0.021,-120.03052,0.82972,643,54,,-0.393,-0.015
116,Senate,29924,66,0.0,NM,100,,,"UDALL, Thomas (Tom)",U000039,1948,,-0.453,0.161,-82.54995,0.88176,656,36,,-0.435,0.04
116,Senate,14858,13,0.0,NY,100,,,"SCHUMER, Charles Ellis (Chuck)",S000148,1950,,-0.357,-0.416,-104.91137,0.85466,668,40,,-0.416,-0.387
116,Senate,20735,13,0.0,NY,100,,,"GILLIBRAND, Kirsten",G000555,1966,,-0.471,-0.425,-90.1605,0.85275,566,50,,-0.654,-0.349
116,Senate,29548,47,0.0,NC,200,,,"BURR, Richard M.",B001135,1955,,0.436,-0.066,-25.15625,0.9577,582,5,,0.342,0.189
116,Senate,41504,47,0.0,NC,200,,,"TILLIS, Thomas Roland (Thom)",T000476,1960,,0.401,-0.061,-42.13517,0.9356,633,14,,0.426,0.202
116,Senate,21350,36,0.0,ND,200,,,"CRAMER, Kevin",C001096,1961,,0.394,0.381,-23.64729,0.96433,651,8,,0.373,0.247
116,Senate,41107,36,0.0,ND,200,,,"HOEVEN, John",H001061,1957,,0.377,0.425,-25.36341,0.96213,657,9,,0.371,0.274
116,Senate,29386,24,0.0,OH,200,,,"PORTMAN, Robert Jones (Rob)",P000449,1955,,0.372,-0.212,-28.88771,0.95711,659,6,,0.314,0.104
116,Senate,29389,24,0.0,OH,100,,,"BROWN, Sherrod",B000944,1952,,-0.428,-0.111,-137.97682,0.81058,657,59,,-0.374,-0.106
116,Senate,15424,53,0.0,OK,200,,,"INHOFE, James Mountain",I000024,1934,,0.554,0.044,-46.06113,0.93149,649,27,,0.617,-0.005
116,Senate,21166,53,0.0,OK,200,,,"LANKFORD, James",L000575,1968,,0.607,0.165,-31.33536,0.95417,668,11,,0.687,0.296
116,Senate,14871,72,0.0,OR,100,,,"WYDEN, Ronald Lee",W000779,1949,,-0.33,-0.478,-125.37641,0.82651,658,67,,-0.376,-0.627
116,Senate,40908,72,0.0,OR,100,,,"MERKLEY, Jeff",M001176,1956,,-0.443,-0.733,-75.74781,0.89203,663,26,,-0.409,-0.724
116,Senate,29935,14,0.0,PA,200,,,"TOOMEY, Patrick Joseph",T000461,1961,,0.624,-0.361,-62.85151,0.9066,641,28,,0.707,-0.107
116,Senate,40703,14,0.0,PA,100,,,"CASEY, Robert (Bob), Jr.",C001070,1960,,-0.314,0.179,-100.38637,0.86047,668,48,,-0.339,0.197
116,Senate,29142,5,0.0,RI,100,,,"REED, John F. (Jack)",R000122,1949,,-0.367,-0.174,-120.16489,0.83491,666,62,,-0.313,-0.076
116,Senate,40704,5,0.0,RI,100,,,"WHITEHOUSE, Sheldon",W000802,1955,,-0.354,-0.084,-127.99082,0.81184,614,52,,-0.291,0.019
116,Senate,21173,48,0.0,SC,200,,,"SCOTT, Tim",S001184,1965,,0.624,-0.019,-41.23005,0.93962,662,19,,0.557,0.093
116,Senate,29566,48,0.0,SC,200,,,"GRAHAM, Lindsey O.",G000359,1955,,0.378,-0.245,-30.15259,0.95384,638,12,,0.325,-0.006
116,Senate,29754,37,0.0,SD,200,,,"THUNE, John",T000250,1961,,0.428,0.192,-25.50166,0.96243,666,9,,0.394,0.28
116,Senate,41505,37,0.0,SD,200,,,"ROUNDS, Marion Michael (Mike)",R000605,1954,,0.373,0.054,-45.35476,0.92491,581,19,,0.437,0.388
116,Senate,20351,54,0.0,TN,200,,,"BLACKBURN, Marsha",B001243,1952,,0.627,0.152,-43.73014,0.93551,656,19,,0.695,0.164
116,Senate,40304,54,0.0,TN,200,,,"ALEXANDER, Lamar",A000360,1940,,0.324,-0.176,-28.71808,0.94821,540,9,,0.322,-0.086
116,Senate,40305,49,0.0,TX,200,,,"CORNYN, John",C001056,1952,,0.474,-0.081,-38.19044,0.94386,661,17,,0.44,0.093
116,Senate,41304,49,0.0,TX,200,,,"CRUZ, Rafael Edward (Ted)",C001098,1970,,0.819,-0.231,-49.87972,0.92388,630,25,,0.908,-0.418
116,Senate,41110,67,0.0,UT,200,,,"LEE, Mike",L000577,1971,,0.89,-0.456,-118.72575,0.83491,658,71,,0.91,-0.414
116,Senate,41902,67,0.0,UT,200,,,"ROMNEY, Willard Mitt (Mitt)",R000615,1947,,0.292,0.296,-101.18002,0.85846,663,44,,0.39,0.705
116,Senate,14307,6,0.0,VT,100,,,"LEAHY, Patrick Joseph",L000174,1940,,-0.36,-0.121,-117.42908,0.83402,647,67,,-0.279,-0.04
116,Senate,29147,6,0.0,VT,328,,,"SANDERS, Bernard",S000033,1941,,-0.537,-0.387,-40.37034,0.87251,296,20,,-0.775,-0.467
116,Senate,40909,40,0.0,VA,100,,,"WARNER, Mark",W000805,1954,,-0.204,-0.045,-76.33522,0.88936,651,27,,-0.222,-0.019
116,Senate,41305,40,0.0,VA,100,,,"KAINE, Timothy Michael (Tim)",K000384,1958,,-0.245,-0.06,-85.14308,0.87793,654,33,,-0.255,0.005
116,Senate,39310,73,0.0,WA,100,,,"CANTWELL, Maria E.",C000127,1958,,-0.305,-0.414,-107.56475,0.84961,660,43,,-0.36,-0.36
116,Senate,49308,73,0.0,WA,100,,,"MURRAY, Patty",M001111,1950,,-0.352,-0.307,-86.91949,0.87113,630,36,,-0.4,-0.275
116,Senate,20146,56,0.0,WV,200,,,"CAPITO, Shelley Moore",C001047,1953,,0.274,0.093,-25.53581,0.96034,631,4,,0.326,0.177
116,Senate,40915,56,0.0,WV,100,,,"MANCHIN, Joe, III",M001183,1947,,-0.059,0.415,-70.61831,0.89779,655,19,,-0.052,0.388
116,Senate,29940,25,0.0,WI,100,,,"BALDWIN, Tammy",B001230,1962,,-0.493,-0.136,-132.34395,0.81978,666,65,,-0.396,-0.001
116,Senate,41111,25,0.0,WI,200,,,"JOHNSON, Ron",J000293,1955,,0.62,-0.171,-45.9426,0.93104,643,25,,0.61,0.017
116,Senate,40707,68,0.0,WY,200,,,"BARRASSO, John A.",B001261,1952,,0.537,0.214,-30.89106,0.95481,668,16,,0.602,0.323
116,Senate,49706,68,0.0,WY,200,,,"ENZI, Michael B.",E000285,1944,2021.0,0.545,0.199,-42.601,0.93551,639,16,,0.587,0.414
